"ptp","break_idx","time_spent_msec","time_spent_mins"
"sub_001",1,75234.5,1.25390833333333
"sub_001",2,58255.2999999989,0.970921666666648
"sub_001",3,114457.999999999,1.90763333333332
"sub_001",4,378128.8,6.30214666666666
"sub_001",5,36088.6000000006,0.601476666666676
"sub_001",6,21309.7000000002,0.35516166666667
"sub_001",7,52958.9999999991,0.882649999999984
"sub_001",8,96309.5,1.60515833333333
"sub_001",9,27775.1000000006,0.462918333333343
"sub_002",1,146508.7,2.44181166666667
"sub_002",2,82755.5,1.37925833333333
"sub_002",3,68993.2999999998,1.14988833333333
"sub_002",4,110199.9,1.836665
"sub_002",5,85286.3000000005,1.42143833333334
"sub_002",6,127084.5,2.118075
"sub_002",7,88362.6999999997,1.47271166666666
"sub_002",8,106704.9,1.77841500000001
"sub_002",9,4561.89999999991,0.0760316666666651
"sub_003",1,129381.699999988,2.15636166666647
"sub_003",2,25981.900000006,0.433031666666766
"sub_003",3,89999.6000000238,1.49999333333373
"sub_003",4,288555,4.80925
"sub_003",5,248232.299999982,4.1372049999997
"sub_003",6,225200.799999982,3.75334666666637
"sub_003",7,350938.599999994,5.84897666666657
"sub_003",8,393934.5,6.565575
"sub_003",9,389090.900000006,6.48484833333343
"sub_004",1,155469.599999905,2.59115999999841
"sub_004",2,50464.2999997139,0.841071666661898
"sub_004",3,159379.199999809,2.65631999999682
"sub_004",4,3400.5,0.056675
"sub_004",5,124867.799999952,2.08112999999921
"sub_004",6,45428,0.757133333333333
"sub_004",7,115929.5,1.93215833333333
"sub_004",8,3228,0.0538
"sub_004",9,4956.29999995232,0.0826049999992053
"sub_005",1,289449.699999988,4.82416166666647
"sub_005",2,21803.3000000119,0.363388333333532
"sub_005",3,197302.100000024,3.28836833333373
"sub_005",4,8491,0.141516666666667
"sub_005",5,111466.600000024,1.85777666666706
"sub_005",6,9983.60000002384,0.166393333333731
"sub_005",7,72208.3000000119,1.20347166666687
"sub_005",8,4042.20000004768,0.0673700000007947
"sub_005",9,5000.30000001192,0.083338333333532
"sub_006",1,81441.3999998569,1.35735666666428
"sub_006",2,19526.3999999762,0.325439999999603
"sub_006",3,56251.1999999285,0.937519999998808
"sub_006",4,9779.60000002384,0.162993333333731
"sub_006",5,80764.7000000477,1.34607833333413
"sub_006",6,36767.8999999762,0.612798333332936
"sub_006",7,77928.1000000238,1.29880166666706
"sub_006",8,53884.6000000238,0.898076666667064
"sub_006",9,6432,0.1072
"sub_007",1,110257.900000095,1.83763166666826
"sub_007",2,113451.100000143,1.89085166666905
"sub_007",3,86451.4000000954,1.44085666666826
"sub_007",4,3679.39999985695,0.0613233333309492
"sub_007",5,321934.699999809,5.36557833333015
"sub_007",6,21068.9000000954,0.351148333334923
"sub_007",7,427041.799999952,7.11736333333254
"sub_007",8,2962.09999990463,0.0493683333317439
"sub_007",9,4241,0.0706833333333333
"sub_008",1,234261.600000009,3.90436000000015
"sub_008",2,12025.5,0.200425
"sub_008",3,109248,1.8208
"sub_008",4,4736.70000000298,0.0789450000000497
"sub_008",5,146212.800000012,2.4368800000002
"sub_008",6,5911.80000001192,0.0985300000001987
"sub_008",7,69121.900000006,1.15203166666677
"sub_008",8,4614.79999999702,0.0769133333332837
"sub_008",9,12377.6000000089,0.206293333333482
"sub_009",1,434470.9,7.24118166666667
"sub_009",2,23816.3,0.396938333333334
"sub_009",3,63268.8999999999,1.05448166666667
"sub_009",4,11655.2,0.194253333333333
"sub_009",5,44253.2000000002,0.737553333333336
"sub_009",6,6622.19999999972,0.110369999999995
"sub_009",7,52479.1000000001,0.874651666666668
"sub_009",8,4971.5,0.0828583333333333
"sub_009",9,5273.70000000019,0.0878950000000031
"sub_010",1,107152.100000001,1.78586833333334
"sub_010",2,15733.5,0.262225
"sub_010",3,60537.9000000004,1.00896500000001
"sub_010",4,16573.6999999993,0.276228333333321
"sub_010",5,88508.1999999974,1.47513666666662
"sub_010",6,31568.3000000007,0.526138333333346
"sub_010",7,69923.2000000011,1.16538666666669
"sub_010",8,40910.1999999974,0.681836666666623
"sub_010",9,7367.69999999925,0.122794999999988
"sub_011",1,57209.1000003815,0.953485000006358
"sub_011",2,6393.89999961853,0.106564999993642
"sub_011",3,32487.9999990463,0.541466666650772
"sub_011",4,84671.3000011444,1.41118833335241
"sub_011",5,545973.100000381,9.09955166667302
"sub_011",6,307774.599999428,5.12957666665713
"sub_011",7,27355.6000003815,0.455926666673024
"sub_011",8,4949.60000038147,0.0824933333396912
"sub_011",9,11159.6000003815,0.185993333339691
"sub_012",1,86426.1999999881,1.44043666666647
"sub_012",2,25941.6999999881,0.432361666666468
"sub_012",3,81661.0999999642,1.36101833333274
"sub_012",4,2556.40000003576,0.0426066666672627
"sub_012",5,31411.3000000119,0.523521666666865
"sub_012",6,46406.5000000596,0.77344166666766
"sub_012",7,49937.4000000358,0.832290000000596
"sub_012",8,11178.1999999881,0.186303333333135
"sub_012",9,3155.39999997616,0.0525899999996026
"sub_013",1,108783.699999999,1.81306166666665
"sub_013",2,14315.6999999993,0.238594999999988
"sub_013",3,78419.799999997,1.30699666666662
"sub_013",4,33362.5999999978,0.556043333333296
"sub_013",5,37450.5,0.624175
"sub_013",6,2987.69999999925,0.0497949999999876
"sub_013",7,37739.700000003,0.62899500000005
"sub_013",8,4275.80000000075,0.0712633333333458
"sub_013",9,2261.70000000298,0.0376950000000497
"sub_014",1,127943.300000012,2.13238833333353
"sub_014",2,9509.5,0.158491666666667
"sub_014",3,69484.9000000358,1.15808166666726
"sub_014",4,3163.80000001192,0.0527300000001987
"sub_014",5,69091.1999999881,1.1515199999998
"sub_014",6,4165.10000002384,0.0694183333337307
"sub_014",7,60966.0000000596,1.01610000000099
"sub_014",8,5349.10000002384,0.089151666667064
"sub_014",9,48338.7999999523,0.805646666665872
"sub_015",1,78081.6999999993,1.30136166666665
"sub_015",2,24643.8999999985,0.410731666666642
"sub_015",3,70799.8999999985,1.17999833333331
"sub_015",4,138403.800000001,2.30673000000001
"sub_015",5,63664.9000000022,1.0610816666667
"sub_015",6,69012.1000000052,1.15020166666675
"sub_015",7,143511,2.39185
"sub_015",8,89335.900000006,1.48893166666677
"sub_015",9,3664.59999999776,0.0610766666666294
"sub_016",1,51290.3999999762,0.854839999999603
"sub_016",2,6134.20000004768,0.102236666667461
"sub_016",3,56188.9999998808,0.936483333331347
"sub_016",4,2641.70000004768,0.0440283333341281
"sub_016",5,71060.2999999523,1.18433833333254
"sub_016",6,23349.7999999523,0.389163333332539
"sub_016",7,44106.6999999285,0.735111666665475
"sub_016",8,1993,0.0332166666666667
"sub_016",9,2220.39999997616,0.0370066666662693
"sub_017",1,96955.5,1.615925
"sub_017",2,10118.2000000179,0.168636666666965
"sub_017",3,70018.6999999881,1.16697833333313
"sub_017",4,4961.09999999404,0.0826849999999007
"sub_017",5,61377.7999999821,1.02296333333304
"sub_017",6,3220.09999999404,0.053668333333234
"sub_017",7,39341.5,0.655691666666667
"sub_017",8,5284.80000001192,0.0880800000001987
"sub_017",9,3576.39999997616,0.0596066666662693
"sub_018",1,68374.1000000089,1.13956833333348
"sub_018",2,22587.0000000149,0.376450000000248
"sub_018",3,73124,1.21873333333333
"sub_018",4,12488.7999999821,0.208146666666369
"sub_018",5,77650.900000006,1.29418166666677
"sub_018",6,6641.20000000298,0.110686666666716
"sub_018",7,42396.9999999851,0.706616666666418
"sub_018",8,11322.9999999851,0.188716666666418
"sub_018",9,2633.89999999106,0.0438983333331843
"sub_019",1,72526.8999998569,1.20878166666428
"sub_019",2,4963.09999990463,0.0827183333317439
"sub_019",3,54486.0000002384,0.908100000003974
"sub_019",4,333108.5,5.55180833333333
"sub_019",5,33452.7999999523,0.557546666665872
"sub_019",6,58312.7999997139,0.971879999995232
"sub_019",7,55735.9000000954,0.928931666668256
"sub_019",8,1918.2999997139,0.0319716666618983
"sub_019",9,2223.2000002861,0.0370533333381017
"sub_020",1,66138.5,1.10230833333333
"sub_020",2,30817.2,0.513619999999999
"sub_020",3,37863,0.63105
"sub_020",4,47010.3,0.783505000000001
"sub_020",5,377560.6,6.29267666666666
"sub_020",6,99981.6000000001,1.66636
"sub_020",7,3223.40000000037,0.0537233333333395
"sub_020",8,12254.5,0.204241666666667
"sub_021",1,64899.6000001431,1.08166000000238
"sub_021",2,13855.5999999046,0.230926666665077
"sub_021",3,48462.6000001431,0.807710000002384
"sub_021",4,7695.20000004768,0.128253333334128
"sub_021",5,35271.3000001907,0.587855000003179
"sub_021",6,9514.89999985695,0.158581666664282
"sub_021",7,32076.9000000954,0.534615000001589
"sub_021",8,6847.29999995232,0.114121666665872
"sub_021",9,4241.40000009537,0.0706900000015895
"sub_022",1,137983.799999997,2.29972999999995
"sub_022",2,53976.599999994,0.899609999999901
"sub_022",3,70157.799999997,1.16929666666662
"sub_022",4,4558.39999999106,0.0759733333331843
"sub_022",5,87919.6000000089,1.46532666666682
"sub_022",6,52743.6000000089,0.879060000000149
"sub_022",7,100303.599999994,1.67172666666657
"sub_022",8,7099.20000001788,0.118320000000298
"sub_022",9,2917.20000001788,0.048620000000298
"sub_023",1,100648.699999809,1.67747833333015
"sub_023",2,6705.99999952316,0.111766666658719
"sub_023",3,68429.8000001907,1.14049666666985
"sub_023",4,3030.30000019073,0.0505050000031789
"sub_023",5,51564.5,0.859408333333333
"sub_023",6,2728.2000002861,0.0454700000047684
"sub_023",7,59832.4000000954,0.997206666668256
"sub_023",8,2985.89999961853,0.0497649999936422
"sub_023",9,4147,0.0691166666666667
"sub_024",1,74481.4999998808,1.24135833333135
"sub_024",2,6756.5,0.112608333333333
"sub_024",3,40712.7999999523,0.678546666665872
"sub_024",4,18121.5,0.302025
"sub_024",5,78372.5999999046,1.30620999999841
"sub_024",6,26116.5,0.435275
"sub_024",7,49340.7000000477,0.822345000000795
"sub_024",8,31412.2000000477,0.523536666667461
"sub_024",9,2523.19999992847,0.0420533333321412
"sub_025",1,64685.200000003,1.07808666666672
"sub_025",2,15499.799999997,0.25832999999995
"sub_025",3,56641.799999997,0.94402999999995
"sub_025",4,21366.799999997,0.356113333333284
"sub_025",5,44131.6000000015,0.735526666666692
"sub_025",6,5224.5,0.087075
"sub_025",7,70829.700000003,1.18049500000005
"sub_025",8,4922.60000000149,0.0820433333333582
"sub_025",9,5122.90000000596,0.085381666666766
"sub_026",1,86123.299999997,1.43538833333328
"sub_026",2,142594.799999997,2.37657999999995
"sub_026",3,62642.6999999881,1.0440449999998
"sub_026",4,18857.8999999911,0.314298333333184
"sub_026",5,158982.700000003,2.64971166666672
"sub_026",6,29716.5,0.495275
"sub_026",7,84289.6000000089,1.40482666666682
"sub_026",8,13599,0.22665
"sub_026",9,51124.599999994,0.852076666666567
"sub_027",1,99206.2000000477,1.65343666666746
"sub_027",2,10743.5999999642,0.179059999999404
"sub_027",3,43557.4000000358,0.725956666667263
"sub_027",4,3442.69999998808,0.0573783333331347
"sub_027",5,40328.4000000358,0.672140000000596
"sub_027",6,2479.09999996424,0.0413183333327373
"sub_027",7,38452.4999999404,0.640874999999007
"sub_027",8,2359.09999996424,0.0393183333327373
"sub_027",9,4231.09999990463,0.0705183333317439
"sub_028",1,99817.299999997,1.66362166666662
"sub_028",2,79700.7999999821,1.32834666666637
"sub_028",3,63097.900000006,1.05163166666677
"sub_028",4,41936.5,0.698941666666667
"sub_028",5,309065.600000009,5.15109333333348
"sub_028",6,70406.6000000089,1.17344333333348
"sub_028",7,42485.8999999911,0.708098333333184
"sub_028",8,61196.700000003,1.01994500000005
"sub_028",9,3718.59999999404,0.0619766666665673
"sub_029",1,88369.6000000238,1.47282666666706
"sub_029",2,21690.8999999762,0.361514999999603
"sub_029",3,75803.7999999523,1.26339666666587
"sub_029",4,22039.3999999762,0.367323333332936
"sub_029",5,49236.1999999285,0.820603333332141
"sub_029",6,9227.29999995232,0.153788333332539
"sub_029",7,39331.8999999762,0.655531666666269
"sub_029",8,8978.69999992847,0.149644999998808
"sub_029",9,3408.00000011921,0.0568000000019868
"sub_030",1,88511.7000002861,1.47519500000477
"sub_030",2,29648.9000000954,0.494148333334923
"sub_030",3,76206.2000000477,1.27010333333413
"sub_030",4,41643.5,0.694058333333333
"sub_030",5,62502.5999999046,1.04170999999841
"sub_030",6,4124.80000019073,0.0687466666698456
"sub_030",7,130635.000000238,2.17725000000397
"sub_030",8,3735,0.06225
"sub_030",9,3872.60000014305,0.0645433333357175
"sub_031",1,79139.2999997139,1.31898833332857
"sub_031",2,7239.30000019073,0.120655000003179
"sub_031",3,48311.7000002861,0.805195000004768
"sub_031",4,3309.09999990463,0.0551516666650772
"sub_031",5,45242.3000001907,0.754038333336512
"sub_031",6,1902.7999997139,0.031713333328565
"sub_031",7,28093.5,0.468225
"sub_031",8,2492.80000019073,0.0415466666698456
"sub_031",9,5700.30000019073,0.0950050000031789
"sub_032",1,63864.5,1.06440833333333
"sub_032",2,35898.3999999999,0.598306666666665
"sub_032",3,53238.6999999997,0.887311666666662
"sub_032",4,9246.90000000037,0.154115000000006
"sub_032",5,77199,1.28665
"sub_032",6,58194.8999999999,0.969914999999998
"sub_032",7,85023.7000000002,1.41706166666667
"sub_032",8,8873.69999999972,0.147894999999995
"sub_032",9,2933.10000000009,0.0488850000000016
"sub_033",1,37059.1000001431,0.617651666669051
"sub_033",2,8358.29999995232,0.139304999999205
"sub_033",3,25310.7999997139,0.421846666661898
"sub_033",4,2105,0.0350833333333333
"sub_033",5,27619.9999997616,0.46033333332936
"sub_033",6,1803.19999980927,0.0300533333301544
"sub_033",7,42008.0000002384,0.700133333337307
"sub_033",8,2531.59999990463,0.0421933333317439
"sub_033",9,1845.10000014305,0.0307516666690508
"sub_034",1,65289,1.08815
"sub_034",2,27506,0.458433333333333
"sub_034",3,45242,0.754033333333333
"sub_034",4,50686,0.844766666666667
"sub_034",5,52801,0.880016666666667
"sub_034",6,113498,1.89163333333333
"sub_034",7,42763,0.712716666666667
"sub_034",8,40402,0.673366666666667
"sub_034",9,20405,0.340083333333333
"sub_035",1,124335.500000477,2.07225833334128
"sub_035",2,13525.4000000954,0.225423333334923
"sub_035",3,100965.5,1.68275833333333
"sub_035",4,17869,0.297816666666667
"sub_035",5,147606.900000095,2.46011500000159
"sub_035",6,9881.10000038147,0.164685000006358
"sub_035",7,89648.1000003815,1.49413500000636
"sub_035",8,3963.30000019073,0.0660550000031789
"sub_035",9,3031.39999961853,0.0505233333269755
"sub_036",1,65861.400000006,1.0976900000001
"sub_036",2,9058.40000000596,0.150973333333433
"sub_036",3,43169.1000000238,0.719485000000397
"sub_036",4,3905.09999999404,0.0650849999999007
"sub_036",5,42733.1999999881,0.712219999999801
"sub_036",6,3874.5,0.064575
"sub_036",7,41296.7000000179,0.688278333333631
"sub_036",8,15035.4999999702,0.25059166666617
"sub_036",9,6151.59999999404,0.102526666666567
"sub_037",1,32322,0.5387
"sub_037",2,4928.59999999404,0.082143333333234
"sub_037",3,28462,0.474366666666667
"sub_037",4,3608.70000000298,0.0601450000000497
"sub_037",5,21040,0.350666666666667
"sub_037",6,2486.30000001192,0.041438333333532
"sub_037",7,15438.6000000089,0.257310000000149
"sub_037",8,1867.39999999106,0.0311233333331843
"sub_037",9,2511.89999999106,0.041864999999851
"sub_038",1,58128.1000000238,0.968801666667064
"sub_038",2,46358.900000006,0.772648333333433
"sub_038",3,48000.400000006,0.800006666666766
"sub_038",4,48408.099999994,0.806801666666567
"sub_038",5,45586.2000000179,0.759770000000298
"sub_038",6,88478.900000006,1.47464833333343
"sub_038",7,38325.5,0.638758333333333
"sub_038",8,43712.6999999881,0.728544999999801
"sub_038",9,4320.89999997616,0.0720149999996026
"sub_039",1,189454.900000095,3.15758166666826
"sub_039",2,23908.0999999046,0.398468333331744
"sub_039",3,67111.4000000954,1.11852333333492
"sub_039",4,11123.9000000954,0.185398333334923
"sub_039",5,154910.900000095,2.58184833333492
"sub_039",6,3117.7999997139,0.051963333328565
"sub_039",7,81415.3000001907,1.35692166666985
"sub_039",8,13106.4999995232,0.218441666658719
"sub_039",9,2813.5,0.0468916666666667
"sub_040",1,288957.4,4.81595666666666
"sub_040",2,5909.70000000019,0.0984950000000031
"sub_040",3,308993.6,5.14989333333333
"sub_040",4,69437.7999999998,1.15729666666666
"sub_040",5,224442,3.7407
"sub_040",6,216263.2,3.60438666666667
"sub_040",7,91732.5,1.528875
"sub_040",8,174644.600000001,2.91074333333334
"sub_040",9,3418.49999999907,0.0569749999999845
"sub_041",1,109983.699999809,1.83306166666349
"sub_041",2,41634.1000001431,0.693901666669051
"sub_041",3,50584.6999998093,0.843078333330154
"sub_041",4,2107.59999990463,0.0351266666650772
"sub_041",5,44173.5999999046,0.736226666665077
"sub_041",6,6425,0.107083333333333
"sub_041",7,53305.6000001431,0.888426666669051
"sub_041",8,7115.89999985695,0.118598333330949
"sub_041",9,4260.5,0.0710083333333333
"sub_042",1,99774,1.6629
"sub_042",2,44384,0.739733333333333
"sub_042",3,41611,0.693516666666667
"sub_042",4,3850,0.0641666666666667
"sub_042",5,48742,0.812366666666667
"sub_042",6,2714,0.0452333333333333
"sub_042",7,46916,0.781933333333333
"sub_042",8,2402,0.0400333333333333
"sub_042",9,2649,0.04415
"sub_043",1,94748.7999999998,1.57914666666666
"sub_043",2,196052.2,3.26753666666667
"sub_043",3,50836.5999999999,0.847276666666664
"sub_043",4,110737.2,1.84562
"sub_043",5,33468.5999999996,0.557809999999994
"sub_043",6,38001,0.63335
"sub_043",7,36572.8000000003,0.609546666666671
"sub_043",8,5248.79999999981,0.0874799999999969
"sub_043",9,3667.20000000019,0.0611200000000031
"sub_044",1,103315,1.72191666666667
"sub_044",2,25866.400000006,0.431106666666766
"sub_044",3,47537.3000000119,0.792288333333532
"sub_044",4,11310.5,0.188508333333333
"sub_044",5,64556.5,1.07594166666667
"sub_044",6,23049.099999994,0.384151666666567
"sub_044",7,43786.6999999881,0.729778333333135
"sub_044",8,13506.599999994,0.225109999999901
"sub_044",9,4761.59999999404,0.0793599999999007
"sub_045",1,138816.400000036,2.31360666666726
"sub_045",2,56662.8000000119,0.944380000000199
"sub_045",3,93433.0999999642,1.55721833333274
"sub_045",4,5198.69999998808,0.0866449999998013
"sub_045",5,84581.0999999642,1.4096849999994
"sub_045",6,61018.9999999404,1.01698333333234
"sub_045",7,48928.6999999881,0.815478333333135
"sub_045",8,2449.5,0.040825
"sub_045",9,3069.40000003576,0.0511566666672627
"sub_046",1,158926.599999994,2.64877666666657
"sub_046",2,40467.2999999821,0.674454999999702
"sub_046",3,81244.5000000298,1.3540750000005
"sub_046",4,2368.09999999404,0.039468333333234
"sub_046",5,46668.6000000238,0.777810000000397
"sub_046",6,2686.39999997616,0.044773333332936
"sub_046",7,52436.400000006,0.873940000000099
"sub_046",8,1910.90000000596,0.0318483333334327
"sub_046",9,3707.29999998212,0.0617883333330353
"sub_047",1,172908.969999989,2.88181616666649
"sub_047",2,23619.2650000157,0.393654416666929
"sub_047",3,143378.634999972,2.3896439166662
"sub_047",4,8842.04000001773,0.147367333333629
"sub_047",5,109999.065000011,1.83331775000018
"sub_047",6,7670.6000000122,0.127843333333537
"sub_047",7,113134.019999998,1.88556699999996
"sub_047",8,6341.87000000384,0.105697833333397
"sub_047",9,9303.07499997434,0.155051249999572
"sub_048",1,71294.1999999993,1.18823666666665
"sub_048",2,56132.1999999993,0.935536666666654
"sub_048",3,77208.5,1.28680833333333
"sub_048",4,7150.10000000149,0.119168333333358
"sub_048",5,91252.6000000015,1.52087666666669
"sub_048",6,34742.9000000022,0.579048333333371
"sub_048",7,34582,0.576366666666667
"sub_048",8,4511.80000000075,0.0751966666666791
"sub_048",9,4519.29999999702,0.075321666666617
"sub_049",1,76932.7000000477,1.28221166666746
"sub_049",2,125284.399999857,2.08807333333095
"sub_049",3,38861.2000002861,0.647686666671435
"sub_049",4,148638.299999952,2.47730499999921
"sub_049",5,485841.699999809,8.09736166666349
"sub_049",6,115316.099999905,1.92193499999841
"sub_049",7,359759.200000048,5.99598666666746
"sub_049",8,3046.80000019073,0.0507800000031789
"sub_049",9,2422.09999990463,0.0403683333317439
"sub_050",1,81797.900000006,1.36329833333343
"sub_050",2,7618.09999999404,0.126968333333234
"sub_050",3,78943.099999994,1.31571833333323
"sub_050",4,7190.30000001192,0.119838333333532
"sub_050",5,40359.400000006,0.672656666666766
"sub_050",6,2372.09999999404,0.0395349999999007
"sub_050",7,35422.8999999762,0.590381666666269
"sub_050",8,2948.59999999404,0.049143333333234
"sub_050",9,5274.29999998212,0.087904999999702
"sub_051",1,251056.400000006,4.18427333333343
"sub_051",2,21265.7999999821,0.354429999999702
"sub_051",3,177659.100000024,2.9609850000004
"sub_051",4,33619.8000000119,0.560330000000199
"sub_051",5,151484.299999982,2.52473833333304
"sub_051",6,10315.2999999821,0.171921666666369
"sub_051",7,103186.100000024,1.71976833333373
"sub_051",8,19905.9999999702,0.33176666666617
"sub_051",9,26535.5,0.442258333333333
"sub_052",1,454573.800000012,7.5762300000002
"sub_052",2,20649.299999997,0.34415499999995
"sub_052",3,1174876.60000001,19.5812766666668
"sub_052",4,6856,0.114266666666667
"sub_052",5,210715.200000003,3.51192000000005
"sub_052",6,9736.79999999702,0.16227999999995
"sub_052",7,163836.999999985,2.73061666666642
"sub_052",8,5444.09999999404,0.0907349999999007
"sub_052",9,6285.69999998808,0.104761666666468
"sub_053",1,184805.299999999,3.08008833333331
"sub_053",2,97576.2000000011,1.62627000000002
"sub_053",3,135590.9,2.25984833333334
"sub_053",4,98641.4000000004,1.64402333333334
"sub_053",5,119489.100000001,1.99148500000002
"sub_053",6,90471.5,1.50785833333333
"sub_053",7,105978.500000002,1.76630833333336
"sub_053",8,73834.3999999985,1.23057333333331
"sub_053",9,11943.6999999993,0.199061666666654
"sub_054",1,123401.699999999,2.05669499999999
"sub_054",2,743600.299999999,12.3933383333333
"sub_054",3,1771697.1,29.528285
"sub_054",4,432256.200000001,7.20427000000002
"sub_054",5,74494.9000000004,1.24158166666667
"sub_054",6,4922.40000000037,0.0820400000000062
"sub_054",7,47886.9000000004,0.798115000000006
"sub_054",8,186048.300000001,3.10080500000001
"sub_054",9,2554.40000000037,0.0425733333333395
"sub_055",1,85865,1.43108333333333
"sub_055",2,6320,0.105333333333333
"sub_055",3,122799,2.04665
"sub_055",4,76793,1.27988333333333
"sub_055",5,82668,1.3778
"sub_055",6,76181,1.26968333333333
"sub_055",7,108969,1.81615
"sub_055",8,94136,1.56893333333333
"sub_055",9,4748,0.0791333333333333
"sub_056",1,118022.700000286,1.96704500000477
"sub_056",2,45703.1000003815,0.761718333339691
"sub_056",3,120629.600000381,2.01049333333969
"sub_056",4,41671.5999999046,0.694526666665077
"sub_056",5,100945.199999809,1.68241999999682
"sub_056",6,22451.0000004768,0.374183333341281
"sub_056",7,63784.5,1.063075
"sub_056",8,28759.1999998093,0.479319999996821
"sub_056",9,12201.8999996185,0.203364999993642
"sub_057",1,98433.8000000119,1.64056333333353
"sub_057",2,70272.6000000238,1.1712100000004
"sub_057",3,52394.7999999821,0.873246666666369
"sub_057",4,4536.79999998212,0.0756133333330353
"sub_057",5,40655.8999999762,0.677598333332936
"sub_057",6,3525.79999998212,0.0587633333330353
"sub_057",7,42098.599999994,0.701643333333234
"sub_057",8,5128.19999998808,0.0854699999998013
"sub_057",9,13563.3000000119,0.226055000000199
"sub_058",1,99084.299999997,1.65140499999995
"sub_058",2,18232.3000000007,0.303871666666679
"sub_058",3,60094.4000000022,1.00157333333337
"sub_058",4,20255.4999999963,0.337591666666605
"sub_058",5,57522.1000000015,0.958701666666691
"sub_058",6,5435.39999999851,0.0905899999999752
"sub_058",7,38488.1999999993,0.641469999999988
"sub_058",8,2093.69999999925,0.0348949999999876
"sub_058",9,2888.70000000298,0.0481450000000497
"sub_059",1,91898.8000000007,1.53164666666668
"sub_059",2,44414.5,0.740241666666667
"sub_059",3,54922.8000000007,0.915380000000013
"sub_059",4,48373.7000000002,0.806228333333336
"sub_059",5,132865.199999999,2.21441999999999
"sub_059",6,118000.600000001,1.96667666666668
"sub_059",7,53570,0.892833333333333
"sub_059",8,154627.699999997,2.57712833333329
"sub_059",9,3644.70000000112,0.0607450000000186
"sub_060",1,78832.3999999762,1.31387333333294
"sub_060",2,6048.70000004768,0.100811666667461
"sub_060",3,72603.5,1.21005833333333
"sub_060",4,4290.39999997616,0.0715066666662693
"sub_060",5,44538.5,0.742308333333333
"sub_060",6,2229.10000002384,0.037151666667064
"sub_060",7,38722.3000000715,0.645371666667859
"sub_060",8,3331.40000009537,0.0555233333349228
"sub_060",9,2932.79999995232,0.0488799999992053
"sub_061",1,165863,2.76438333333333
"sub_061",2,40556,0.675933333333333
"sub_061",3,72118,1.20196666666667
"sub_061",4,27702,0.4617
"sub_061",5,59695,0.994916666666667
"sub_061",6,20117,0.335283333333333
"sub_061",7,49968,0.8328
"sub_061",8,12438,0.2073
"sub_061",9,3626,0.0604333333333333
"sub_062",1,121664.199999988,2.02773666666647
"sub_062",2,111473.900000036,1.85789833333393
"sub_062",3,93648.1000000238,1.56080166666706
"sub_062",4,102629,1.71048333333333
"sub_062",5,52900.3000000119,0.881671666666865
"sub_062",6,8760.80000001192,0.146013333333532
"sub_062",7,111755.599999964,1.86259333333274
"sub_062",8,150487.600000083,2.50812666666806
"sub_062",9,6668.69999998808,0.111144999999801
"sub_063",1,97076.6000000089,1.61794333333348
"sub_063",2,59361.299999997,0.98935499999995
"sub_063",3,54291.599999994,0.904859999999901
"sub_063",4,7039.5,0.117325
"sub_063",5,42808.799999997,0.71347999999995
"sub_063",6,56708.4999999851,0.945141666666418
"sub_063",7,55582.1000000089,0.926368333333482
"sub_063",8,66281.3999999911,1.10468999999985
"sub_063",9,5220.30000001192,0.0870050000001987
"sub_064",1,100557.299999997,1.67595499999995
"sub_064",2,75614.1000000089,1.26023500000015
"sub_064",3,68548.599999994,1.14247666666657
"sub_064",4,2869.40000000596,0.0478233333334327
"sub_064",5,60333.099999994,1.00555166666657
"sub_064",6,96819.3999999911,1.61365666666652
"sub_064",7,54830.799999997,0.913846666666617
"sub_064",8,2209.79999999702,0.0368299999999503
"sub_064",9,3991.29999999702,0.066521666666617
"sub_065",1,84495.6999999993,1.40826166666665
"sub_065",2,14336,0.238933333333333
"sub_065",3,81910.099999994,1.36516833333323
"sub_065",4,20133.6000000015,0.335560000000025
"sub_065",5,71659.9000000022,1.1943316666667
"sub_065",6,2988.40000000224,0.0498066666667039
"sub_065",7,54889.9999999963,0.914833333333271
"sub_065",8,4452.10000000149,0.0742016666666915
"sub_065",9,2573.19999999925,0.0428866666666542
"sub_066",1,145306.800000012,2.4217800000002
"sub_066",2,20814.8000000715,0.346913333334525
"sub_066",3,136773.400000036,2.27955666666726
"sub_066",4,34848.5999999642,0.580809999999404
"sub_066",5,100002.49999994,1.66670833333234
"sub_066",6,33562.3000000119,0.559371666666865
"sub_066",7,92821.1000000238,1.54701833333373
"sub_066",8,7309.30000001192,0.121821666666865
"sub_066",9,4216.09999996424,0.0702683333327373
"sub_067",1,99589.6999999881,1.65982833333313
"sub_067",2,23627.3999999166,0.393789999998609
"sub_067",3,57768.0000000596,0.962800000000993
"sub_067",4,6675.90000003576,0.111265000000596
"sub_067",5,50297.8000000119,0.838296666666865
"sub_067",6,2649.20000004768,0.0441533333341281
"sub_067",7,43767.1999999881,0.729453333333135
"sub_067",8,2757.89999997616,0.0459649999996026
"sub_067",9,3371.30000001192,0.056188333333532
"sub_068",1,107403.900000006,1.7900650000001
"sub_068",2,27746.2000000179,0.462436666666965
"sub_068",3,54795.3000000119,0.913255000000199
"sub_068",4,8499.79999998212,0.141663333333035
"sub_068",5,58872.1000000238,0.981201666667064
"sub_068",6,17173.6999999881,0.286228333333135
"sub_068",7,75263.7000000179,1.2543950000003
"sub_068",8,22136.3000000119,0.368938333333532
"sub_068",9,2981.59999999404,0.049693333333234
"sub_069",1,145240.2,2.42067
"sub_069",2,12176.2000000001,0.202936666666668
"sub_069",3,81023.8999999999,1.35039833333333
"sub_069",4,7688.80000000005,0.128146666666667
"sub_069",5,92188.7999999998,1.53648
"sub_069",6,4003.69999999995,0.0667283333333326
"sub_069",7,82271.5,1.37119166666667
"sub_069",8,3024.70000000019,0.0504116666666698
"sub_069",9,5095.49999999953,0.0849249999999922
"sub_070",1,150004.400000006,2.50007333333343
"sub_070",2,213041,3.55068333333333
"sub_070",3,138650.100000024,2.3108350000004
"sub_070",4,388123.300000012,6.46872166666687
"sub_070",5,49548.9999999702,0.82581666666617
"sub_070",6,150915.900000036,2.5152650000006
"sub_070",7,136333.699999988,2.27222833333313
"sub_070",8,137303.900000006,2.28839833333343
"sub_070",9,22952.400000006,0.382540000000099
"sub_071",1,88697.3999999999,1.47829
"sub_071",2,14780.6000000001,0.246343333333335
"sub_071",3,82580.3999999997,1.37633999999999
"sub_071",4,7640.20000000019,0.12733666666667
"sub_071",5,57835.7000000002,0.963928333333336
"sub_071",6,6009.69999999995,0.100161666666666
"sub_071",7,39578.6000000001,0.659643333333335
"sub_071",8,5399.5,0.0899916666666667
"sub_071",9,4320.30000000028,0.0720050000000047
"sub_072",1,58989,0.98315
"sub_072",2,4122.5,0.0687083333333333
"sub_072",3,25492.8999999985,0.424881666666642
"sub_072",4,2176.79999999702,0.0362799999999503
"sub_072",5,27430.4000000022,0.457173333333371
"sub_072",6,1928.19999999925,0.0321366666666542
"sub_072",7,32420.0000000037,0.540333333333395
"sub_072",8,1522.90000000224,0.0253816666667039
"sub_072",9,3364.00000000373,0.0560666666667288
"sub_073",1,90232.7999999821,1.5038799999997
"sub_073",2,13140,0.219
"sub_073",3,38102,0.635033333333333
"sub_073",4,3778.09999999404,0.062968333333234
"sub_073",5,44144.1000000238,0.735735000000397
"sub_073",6,2539.59999999404,0.0423266666665673
"sub_073",7,54385.400000006,0.906423333333433
"sub_073",8,6608.5000000298,0.110141666667163
"sub_073",9,4385.60000002384,0.0730933333337307
"sub_074",1,116712.399999999,1.94520666666664
"sub_074",2,82651.1999999955,1.37751999999993
"sub_074",3,72648.3000000045,1.21080500000007
"sub_074",4,67188,1.1198
"sub_074",5,62586.8000000045,1.04311333333341
"sub_074",6,89682.200000003,1.49470333333338
"sub_074",7,114660.799999997,1.91101333333328
"sub_074",8,18153.5,0.302558333333333
"sub_074",9,13309.700000003,0.221828333333383
"sub_075",1,188473.5,3.141225
"sub_075",2,50833,0.847216666666667
"sub_075",3,101077.399999976,1.68462333333294
"sub_075",4,73952.9999998808,1.23254999999801
"sub_075",5,81299.7000000477,1.35499500000079
"sub_075",6,3803.20000004768,0.0633866666674614
"sub_075",7,65325.2000000477,1.08875333333413
"sub_075",8,2292.80000007153,0.0382133333345254
"sub_075",9,2998.69999992847,0.0499783333321412
"sub_076",1,79148.1000000015,1.31913500000002
"sub_076",2,6670.80000000447,0.111180000000074
"sub_076",3,43272.3999999911,0.721206666666518
"sub_076",4,2172.10000000149,0.0362016666666915
"sub_076",5,45914.3999999985,0.765239999999975
"sub_076",6,2523.20000000298,0.042053333333383
"sub_076",7,40976.200000003,0.682936666666716
"sub_076",8,2804.89999999851,0.0467483333333085
"sub_076",9,2388.69999999553,0.0398116666665922
"sub_077",1,153590.6,2.55984333333333
"sub_077",2,143575.199999999,2.39291999999999
"sub_077",3,61145.5,1.01909166666667
"sub_077",4,101197.299999999,1.68662166666665
"sub_077",5,69919.3999999985,1.16532333333331
"sub_077",6,192627,3.21045
"sub_077",7,57265.1999999993,0.954419999999988
"sub_077",8,157506.800000001,2.62511333333335
"sub_077",9,4188.99999999814,0.0698166666666356
"sub_078",1,41360.1000000089,0.689335000000149
"sub_078",2,115274.299999997,1.92123833333328
"sub_078",3,22255.599999994,0.370926666666567
"sub_078",4,234740.400000006,3.9123400000001
"sub_078",5,22003.799999997,0.36672999999995
"sub_078",6,3334.20000000298,0.0555700000000497
"sub_078",7,28451.799999997,0.474196666666617
"sub_078",8,99597.8999999911,1.65996499999985
"sub_078",9,11109.1999999881,0.185153333333135
"sub_079",1,231556.300000004,3.85927166666674
"sub_079",2,83359.8999999985,1.38933166666664
"sub_079",3,416611,6.94351666666667
"sub_079",4,16309.599999994,0.271826666666567
"sub_079",5,152358.399999999,2.53930666666664
"sub_079",6,4336.89999999851,0.0722816666666418
"sub_079",7,116848.999999993,1.94748333333321
"sub_079",8,2670.60000000149,0.0445100000000248
"sub_079",9,3651.59999999404,0.0608599999999007
"sub_080",1,62278.7999999821,1.0379799999997
"sub_080",2,38927.900000006,0.648798333333433
"sub_080",3,37512.3000000119,0.625205000000199
"sub_080",4,7752.09999999404,0.129201666666567
"sub_080",5,48504.6000000238,0.808410000000397
"sub_080",6,7970.40000000596,0.132840000000099
"sub_080",7,43217.6999999881,0.720294999999801
"sub_080",8,3249.39999997616,0.0541566666662693
"sub_080",9,3118.09999999404,0.051968333333234
"sub_081",1,90490.1000000089,1.50816833333348
"sub_081",2,7793.59999999404,0.129893333333234
"sub_081",3,45198.400000006,0.753306666666766
"sub_081",4,127594.900000006,2.12658166666677
"sub_081",5,83825.299999997,1.39708833333328
"sub_081",6,2293.60000000894,0.0382266666668157
"sub_081",7,51707.799999997,0.861796666666617
"sub_081",8,58668.2999999821,0.977804999999702
"sub_081",9,3688.19999998808,0.0614699999998013
"sub_082",1,114509.499999999,1.90849166666665
"sub_082",2,61652.5999999996,1.02754333333333
"sub_082",3,131560.5,2.192675
"sub_082",4,55236.9000000004,0.920615000000006
"sub_082",5,74512.0999999996,1.24186833333333
"sub_082",6,31839.7999999998,0.53066333333333
"sub_082",7,74237.7999999998,1.23729666666666
"sub_082",8,68823.1999999993,1.14705333333332
"sub_082",9,3216.10000000056,0.053601666666676
"sub_083",1,137048.800000001,2.28414666666668
"sub_083",2,18307.1000000015,0.305118333333358
"sub_083",3,57449.9000000022,0.957498333333371
"sub_083",4,31718,0.528633333333333
"sub_083",5,80576.8999999985,1.34294833333331
"sub_083",6,25121.8999999985,0.418698333333309
"sub_083",7,87334.3000000007,1.45557166666668
"sub_083",8,101579.899999999,1.69299833333331
"sub_083",9,6340.30000000075,0.105671666666679
"sub_084",1,45040.7999997139,0.750679999995232
"sub_084",2,11984.5999999046,0.199743333331744
"sub_084",3,57946.7999997139,0.965779999995232
"sub_084",4,9613.7000002861,0.160228333338102
"sub_084",5,60778.1999998093,1.01296999999682
"sub_084",6,12786.3999996185,0.213106666660309
"sub_084",7,46316.2999997139,0.771938333328565
"sub_084",8,8401.7999997139,0.140029999995232
"sub_084",9,6204.30000019073,0.103405000003179
"sub_085",1,82967.7000000477,1.38279500000079
"sub_085",2,11145.1999998093,0.185753333330154
"sub_085",3,65011.0999999046,1.08351833333174
"sub_085",4,5736.59999990463,0.0956099999984105
"sub_085",5,28784,0.479733333333333
"sub_085",6,94448,1.57413333333333
"sub_085",7,44451.0000002384,0.740850000003974
"sub_085",8,195280.299999952,3.25467166666587
"sub_085",9,40318.2000000477,0.671970000000795
"sub_086",1,120098.599999905,2.00164333333174
"sub_086",2,8395.59999990463,0.139926666665077
"sub_086",3,86952.5999994278,1.44920999999046
"sub_086",4,78307.4000000954,1.30512333333492
"sub_086",5,78271.6999998093,1.30452833333015
"sub_086",6,2875.90000009537,0.0479316666682561
"sub_086",7,76850.5999994278,1.2808433333238
"sub_086",8,2922.30000019073,0.0487050000031789
"sub_086",9,7809.5,0.130158333333333
"sub_087",1,228724.100000024,3.81206833333373
"sub_087",2,21897.2000000477,0.364953333334128
"sub_087",3,146732.900000095,2.44554833333492
"sub_087",4,5735.49999988079,0.0955916666646798
"sub_087",5,87273.7000000477,1.45456166666746
"sub_087",6,68024.6999999285,1.13374499999881
"sub_087",7,4112853.50000012,68.5475583333353
"sub_087",8,5499.60000014305,0.0916600000023842
"sub_087",9,4709.20000004768,0.0784866666674614
"sub_088",1,47706.7999999523,0.795113333332539
"sub_088",2,21541,0.359016666666667
"sub_088",3,71766.5,1.19610833333333
"sub_088",4,67875.5,1.13125833333333
"sub_088",5,71184.6000000238,1.1864100000004
"sub_088",6,13426.1999999285,0.223769999998808
"sub_088",7,432018.5,7.20030833333333
"sub_088",8,126115.700000048,2.10192833333413
"sub_088",9,3027.69999992847,0.0504616666654746
"sub_089",1,122894.200000048,2.04823666666746
"sub_089",2,13008.3000000715,0.216805000001192
"sub_089",3,86097,1.43495
"sub_089",4,48065.9999999404,0.801099999999007
"sub_089",5,69409.4000000358,1.15682333333393
"sub_089",6,29523.0999999642,0.492051666666071
"sub_089",7,103312.50000006,1.72187500000099
"sub_089",8,27949.7000000477,0.465828333334128
"sub_089",9,4159.60000002384,0.069326666667064
"sub_090",1,95905.1999999881,1.5984199999998
"sub_090",2,8997.89999997616,0.149964999999603
"sub_090",3,67832.3999999762,1.1305399999996
"sub_090",4,4171.69999998808,0.0695283333331347
"sub_090",5,65502.6999999881,1.09171166666647
"sub_090",6,4746.29999995232,0.0791049999992053
"sub_090",7,43321.5999999642,0.722026666666071
"sub_090",8,5854.5,0.097575
"sub_090",9,4882.59999996424,0.0813766666660706
"sub_091",1,63540.7000000477,1.05901166666746
"sub_091",2,47938.7999999523,0.798979999999205
"sub_091",3,31631.4000000954,0.527190000001589
"sub_091",4,79536.0000002384,1.32560000000397
"sub_091",5,40403,0.673383333333333
"sub_091",6,67064.4000000954,1.11774000000159
"sub_091",7,110070.300000191,1.83450500000318
"sub_091",8,107950.999999762,1.79918333332936
"sub_091",9,61515.5,1.02525833333333
"sub_092",1,116346.800000072,1.93911333333453
"sub_092",2,75839.9000000954,1.26399833333492
"sub_092",3,64831.7999999523,1.08052999999921
"sub_092",4,89394.1000000238,1.48990166666706
"sub_092",5,78841.2999999523,1.31402166666587
"sub_092",6,41590.6999999285,0.693178333332141
"sub_092",7,118585.000000119,1.97641666666865
"sub_092",8,4638,0.0773
"sub_092",9,6807.60000002384,0.113460000000397
"sub_093",1,62253.5999999996,1.03755999999999
"sub_093",2,63094.4999999981,1.05157499999997
"sub_093",3,44358.0999999996,0.739301666666661
"sub_093",4,53547.0999999996,0.892451666666661
"sub_093",5,91770.0999999996,1.52950166666666
"sub_093",6,31385.0999999978,0.523084999999963
"sub_093",7,53777.0000000019,0.896283333333364
"sub_093",8,64716.0999999996,1.07860166666666
"sub_093",9,2745.50000000186,0.0457583333333644
"sub_094",1,65630.1000001431,1.09383500000238
"sub_094",2,6764.39999997616,0.112739999999603
"sub_094",3,43014.8999999762,0.716914999999603
"sub_094",4,4098.39999997616,0.0683066666662693
"sub_094",5,48194.9000000954,0.803248333334923
"sub_094",6,4019.99999988079,0.0669999999980132
"sub_094",7,29860.9999998808,0.497683333331347
"sub_094",8,3471.79999995232,0.0578633333325386
"sub_094",9,6150,0.1025
"sub_095",1,76231.200000003,1.27052000000005
"sub_095",2,6277.10000000894,0.104618333333482
"sub_095",3,208681.499999985,3.47802499999975
"sub_095",4,2654.09999999404,0.0442349999999007
"sub_095",5,42147,0.70245
"sub_095",6,2253.79999999702,0.0375633333332837
"sub_095",7,110860.500000015,1.84767500000025
"sub_095",8,2187.79999999702,0.0364633333332837
"sub_095",9,2606.5000000149,0.043441666666915
"sub_096",1,73710,1.2285
"sub_096",2,15675,0.26125
"sub_096",3,37405,0.623416666666667
"sub_096",4,4063,0.0677166666666667
"sub_096",5,31491,0.52485
"sub_096",6,12160,0.202666666666667
"sub_096",7,68142,1.1357
"sub_096",8,2757,0.04595
"sub_096",9,2353,0.0392166666666667
"sub_097",1,203100.099999905,3.38500166666508
"sub_097",2,35184,0.5864
"sub_097",3,109612.800000191,1.82688000000318
"sub_097",4,49548.5,0.825808333333333
"sub_097",5,89764.1000001431,1.49606833333572
"sub_097",6,40097.7000000477,0.668295000000795
"sub_097",7,107683.999999762,1.79473333332936
"sub_097",8,35941.2999999523,0.599021666665872
"sub_097",9,7932.59999990463,0.132209999998411
"sub_098",1,140489.6,2.34149333333333
"sub_098",2,29552.9999999981,0.492549999999969
"sub_098",3,61143.8000000007,1.01906333333335
"sub_098",4,4908.10000000149,0.0818016666666915
"sub_098",5,48452.0000000019,0.807533333333364
"sub_098",6,3146.5,0.0524416666666667
"sub_098",7,51851.0000000019,0.864183333333364
"sub_098",8,2637.90000000037,0.0439650000000062
"sub_098",9,5043.90000000037,0.0840650000000062
"sub_099",1,106663.699999988,1.77772833333313
"sub_099",2,15903.8000000119,0.265063333333532
"sub_099",3,75844.1999999881,1.2640699999998
"sub_099",4,3362.79999995232,0.0560466666658719
"sub_099",5,57681.1999999881,0.961353333333135
"sub_099",6,3248.69999992847,0.0541449999988079
"sub_099",7,87835.4999999404,1.46392499999901
"sub_099",8,3612.10000002384,0.060201666667064
"sub_099",9,3024.89999997616,0.0504149999996026
"sub_100",1,68727.1999999881,1.14545333333313
"sub_100",2,305751.699999988,5.09586166666647
"sub_100",3,51096,0.8516
"sub_100",4,155611.100000024,2.59351833333373
"sub_100",5,54927.6000000238,0.915460000000397
"sub_100",6,60704.6000000238,1.01174333333373
"sub_100",7,42798.6999999881,0.713311666666468
"sub_100",8,43158,0.7193
"sub_100",9,2652.39999997616,0.0442066666662693
"sub_101",1,58929,0.98215
"sub_101",2,108653,1.81088333333333
"sub_101",3,44611,0.743516666666667
"sub_101",4,2188,0.0364666666666667
"sub_101",5,48259,0.804316666666667
"sub_101",6,2844,0.0474
"sub_101",7,35963,0.599383333333333
"sub_101",8,1753,0.0292166666666667
"sub_101",9,2846,0.0474333333333333
"sub_102",1,71383.2,1.18972
"sub_102",2,5042.40000000014,0.0840400000000023
"sub_102",3,29802.2000000002,0.496703333333336
"sub_102",4,6056.5,0.100941666666667
"sub_102",5,40001.1000000003,0.666685000000005
"sub_102",6,23477.3999999999,0.391289999999998
"sub_102",7,42566.7999999998,0.709446666666664
"sub_102",8,5676.5,0.0946083333333333
"sub_102",9,4455.5,0.0742583333333333
"sub_103",1,100429.1,1.67381833333333
"sub_103",2,4979.09999999776,0.0829849999999628
"sub_103",3,60589.8000000007,1.00983000000001
"sub_103",4,2922.10000000149,0.0487016666666915
"sub_103",5,52055.5999999996,0.867593333333327
"sub_103",6,3150.40000000037,0.0525066666666729
"sub_103",7,37395.3999999985,0.623256666666642
"sub_103",8,2749,0.0458166666666667
"sub_103",9,6435.59999999963,0.107259999999994
"sub_104",1,69441,1.15735
"sub_104",2,5837,0.0972833333333333
"sub_104",3,31716,0.5286
"sub_104",4,16445,0.274083333333333
"sub_104",5,57481,0.958016666666667
"sub_104",6,66696,1.1116
"sub_104",7,70150,1.16916666666667
"sub_104",8,37571,0.626183333333333
"sub_104",9,17483,0.291383333333333
"sub_105",1,90479.5999999978,1.5079933333333
"sub_105",2,42815,0.713583333333333
"sub_105",3,152418.400000002,2.5403066666667
"sub_105",4,71377.700000003,1.18962833333338
"sub_105",5,59170.6999999955,0.986178333333259
"sub_105",6,54489.4000000022,0.908156666666704
"sub_105",7,63618.8999999985,1.06031499999998
"sub_105",8,3136.10000000149,0.0522683333333582
"sub_105",9,3389.99999999627,0.0564999999999379
"sub_106",1,68956.700000003,1.14927833333338
"sub_106",2,4563.29999999702,0.0760549999999503
"sub_106",3,46444.400000006,0.774073333333433
"sub_106",4,2006.89999999106,0.0334483333331843
"sub_106",5,64864.1999999881,1.0810699999998
"sub_106",6,1928.19999998808,0.032136666666468
"sub_106",7,47229.5000000149,0.787158333333582
"sub_106",8,5003.80000001192,0.0833966666668653
"sub_106",9,3066.20000000298,0.051103333333383
"sub_107",1,88302.3999999762,1.47170666666627
"sub_107",2,10213.5,0.170225
"sub_107",3,72070.8999999762,1.20118166666627
"sub_107",4,6090.89999997616,0.101514999999603
"sub_107",5,67244.3000000715,1.12073833333453
"sub_107",6,3399.19999980927,0.0566533333301544
"sub_107",7,45366.4000000954,0.756106666668256
"sub_107",8,98202.5999999046,1.63670999999841
"sub_107",9,3061.80000007153,0.0510300000011921
"sub_108",1,41110.1999999993,0.685169999999988
"sub_108",2,2731.59999999963,0.0455266666666605
"sub_108",3,26892.3000000026,0.448205000000043
"sub_108",4,1502.09999999963,0.0250349999999938
"sub_108",5,80478.5,1.34130833333333
"sub_108",6,51928.9000000004,0.865481666666673
"sub_108",7,37390.4000000004,0.623173333333339
"sub_108",8,1857.90000000037,0.0309650000000062
"sub_108",9,3411.09999999776,0.0568516666666294
"sub_109",1,73671.2999999523,1.22785499999921
"sub_109",2,10855.2000000477,0.180920000000795
"sub_109",3,52179.3000001907,0.869655000003179
"sub_109",4,45640.2000000477,0.760670000000795
"sub_109",5,66799.8000001907,1.11333000000318
"sub_109",6,5093.80000019073,0.0848966666698456
"sub_109",7,63585.7000000477,1.05976166666746
"sub_109",8,4904.79999995232,0.0817466666658719
"sub_109",9,30313.9999997616,0.50523333332936
"sub_110",1,75871.4000000004,1.26452333333334
"sub_110",2,9371.39999999851,0.156189999999975
"sub_110",3,39979.6999999993,0.666328333333321
"sub_110",4,1890.29999999888,0.0315049999999814
"sub_110",5,41327.7000000011,0.688795000000019
"sub_110",6,1731.09999999963,0.0288516666666605
"sub_110",7,36213.7000000011,0.603561666666685
"sub_110",8,2163.09999999963,0.0360516666666605
"sub_110",9,4840.10000000149,0.0806683333333582
"sub_111",1,78105.7999999523,1.30176333333254
"sub_111",2,12939.7000000477,0.215661666667461
"sub_111",3,83677.8999998569,1.39463166666428
"sub_111",4,49241.2000000477,0.820686666667461
"sub_111",5,53369.2000000477,0.889486666667461
"sub_111",6,5437.39999961853,0.0906233333269755
"sub_111",7,42913.6000001431,0.715226666669051
"sub_111",8,3438.69999980927,0.0573116666634878
"sub_111",9,3923.20000004768,0.0653866666674614
"sub_112",1,97847.7000002861,1.63079500000477
"sub_112",2,48639.4000000954,0.810656666668256
"sub_112",3,90360.0999994278,1.50600166665713
"sub_112",4,4212.7000002861,0.070211666671435
"sub_112",5,73967,1.23278333333333
"sub_112",6,6677,0.111283333333333
"sub_112",7,48978.9000000954,0.816315000001589
"sub_112",8,1457.2000002861,0.024286666671435
"sub_112",9,2698.5,0.044975
"sub_113",1,72980.5,1.21634166666667
"sub_113",2,36007.7,0.600128333333332
"sub_113",3,74093.2000000001,1.23488666666667
"sub_113",4,36253.6000000001,0.604226666666668
"sub_113",5,78555.7000000002,1.30926166666667
"sub_113",6,43282.5,0.721375
"sub_113",7,53655.8,0.894263333333334
"sub_113",8,39747.7999999998,0.66246333333333
"sub_113",9,3237.10000000056,0.053951666666676
"sub_114",1,151176.199999809,2.51960333333015
"sub_114",2,6944.2000002861,0.115736666671435
"sub_114",3,116703.099999428,1.94505166665713
"sub_114",4,3996.59999990463,0.0666099999984105
"sub_114",5,93525.6999998093,1.55876166666349
"sub_114",6,5179.80000019073,0.0863300000031789
"sub_114",7,99024.2999997139,1.65040499999523
"sub_114",8,2164.59999990463,0.0360766666650772
"sub_114",9,3508.90000009537,0.0584816666682561
"sub_115",1,104753,1.74588333333333
"sub_115",2,19439.9999995232,0.323999999992053
"sub_115",3,90740.6000003815,1.51234333333969
"sub_115",4,4420.19999980927,0.0736699999968211
"sub_115",5,39523.6999998093,0.658728333330154
"sub_115",6,5432.19999980927,0.0905366666634878
"sub_115",7,53788.5999994278,0.89647666665713
"sub_115",8,3835.69999980927,0.0639283333301544
"sub_115",9,3245,0.0540833333333333
"sub_116",1,67824.7999999989,1.13041333333331
"sub_116",2,3733.20000000112,0.0622200000000186
"sub_116",3,106141.800000003,1.76903000000004
"sub_116",4,3607.09999999963,0.0601183333333271
"sub_116",5,122406.199999999,2.04010333333332
"sub_116",6,3170.09999999963,0.0528349999999938
"sub_116",7,64618.7000000011,1.07697833333335
"sub_116",8,2565.5,0.0427583333333333
"sub_116",9,2770.60000000149,0.0461766666666915
"sub_117",1,82229.6000000015,1.37049333333336
"sub_117",2,122000.399999999,2.03333999999998
"sub_117",3,35919.700000003,0.598661666666716
"sub_117",4,43842.8000000007,0.730713333333346
"sub_117",5,69613.3000000007,1.16022166666668
"sub_117",6,22134.6000000015,0.368910000000025
"sub_117",7,57120.5,0.952008333333333
"sub_117",8,33075.3000000007,0.551255000000012
"sub_117",9,5564.10000000149,0.0927350000000248
"sub_118",1,106111.800000001,1.76853000000001
"sub_118",2,184903.199999999,3.08171999999999
"sub_118",3,78714.8999999985,1.31191499999998
"sub_118",4,12909.8999999985,0.215164999999975
"sub_118",5,101197.600000001,1.68662666666669
"sub_118",6,181156.599999998,3.01927666666663
"sub_118",7,57918.0999999978,0.965301666666629
"sub_118",8,16813.3000000007,0.280221666666679
"sub_118",9,5144.5,0.0857416666666667
"sub_119",1,69823,1.16371666666667
"sub_119",2,6360.20000000298,0.106003333333383
"sub_119",3,54013.3000000007,0.900221666666679
"sub_119",4,3712,0.0618666666666667
"sub_119",5,48017.5999999978,0.800293333333296
"sub_119",6,1998.89999999478,0.0333149999999131
"sub_119",7,44046.5,0.734108333333333
"sub_119",8,3489.19999999925,0.0581533333333209
"sub_119",9,2762.60000000149,0.0460433333333582
"sub_120",1,86602.1000000015,1.44336833333336
"sub_120",2,7142.69999999925,0.119044999999988
"sub_120",3,64840.3000000045,1.08067166666674
"sub_120",4,3288.90000000224,0.0548150000000373
"sub_120",5,71541.3999999985,1.19235666666664
"sub_120",6,4538.59999999776,0.0756433333332961
"sub_120",7,58475.9000000022,0.974598333333371
"sub_120",8,1912.30000000447,0.0318716666667412
"sub_120",9,3958.19999999553,0.0659699999999255
"sub_121",1,110307.400000006,1.83845666666677
"sub_121",2,16618.299999997,0.276971666666617
"sub_121",3,48595.0999999791,0.809918333332986
"sub_121",4,3300.79999999702,0.0550133333332837
"sub_121",5,44145.700000003,0.735761666666716
"sub_121",6,3437.59999999404,0.057293333333234
"sub_121",7,29508.299999997,0.49180499999995
"sub_121",8,7489.5000000149,0.124825000000248
"sub_121",9,4204.59999999404,0.0700766666665673
"sub_122",1,81636,1.3606
"sub_122",2,5869,0.0978166666666667
"sub_122",3,61264,1.02106666666667
"sub_122",4,2507,0.0417833333333333
"sub_122",5,136134,2.2689
"sub_122",6,37175,0.619583333333333
"sub_122",7,159878,2.66463333333333
"sub_122",8,74162,1.23603333333333
"sub_122",9,2585,0.0430833333333333
"sub_123",1,150726.900000006,2.5121150000001
"sub_123",2,32570.400000006,0.542840000000099
"sub_123",3,83681.3000000119,1.39468833333353
"sub_123",4,49740.099999994,0.829001666666567
"sub_123",5,55592.5,0.926541666666667
"sub_123",6,28568.6999999881,0.476144999999801
"sub_123",7,71456.099999994,1.1909349999999
"sub_123",8,21199,0.353316666666667
"sub_123",9,12781.4999999702,0.213024999999503
"sub_124",1,83973.1999999881,1.39955333333313
"sub_124",2,17287.3000000119,0.288121666666865
"sub_124",3,75969.4000000358,1.26615666666726
"sub_124",4,5065.40000000596,0.0844233333334327
"sub_124",5,93651.5,1.56085833333333
"sub_124",6,115872.900000006,1.9312150000001
"sub_124",7,76250.599999994,1.27084333333323
"sub_124",8,34092.0000000298,0.568200000000497
"sub_124",9,4092.69999998808,0.068211666666468
"sub_125",1,105966.300000012,1.7661050000002
"sub_125",2,123340.299999952,2.05567166666587
"sub_125",3,136453.199999988,2.2742199999998
"sub_125",4,92774,1.54623333333333
"sub_125",5,58986.7000000477,0.983111666667461
"sub_125",6,84526.8000000119,1.4087800000002
"sub_125",7,100192.100000024,1.66986833333373
"sub_125",8,3480.30000001192,0.0580050000001987
"sub_125",9,3123.19999998808,0.0520533333331347
"sub_126",1,75657.5999996662,1.26095999999444
"sub_126",2,6725.59999990463,0.112093333331744
"sub_126",3,52719.7000000477,0.878661666667461
"sub_126",4,75421.2999999523,1.25702166666587
"sub_126",5,104195.199999809,1.73658666666349
"sub_126",6,2662.50000023842,0.0443750000039736
"sub_126",7,55983.7999999523,0.933063333332539
"sub_126",8,40072.6999998093,0.667878333330154
"sub_126",9,5979.50000023842,0.099658333337307
"sub_127",1,40352,0.672533333333333
"sub_127",2,6665,0.111083333333333
"sub_127",3,35008,0.583466666666667
"sub_127",4,5478,0.0913
"sub_127",5,86894,1.44823333333333
"sub_127",6,3629,0.0604833333333333
"sub_127",7,543568,9.05946666666667
"sub_127",8,3164,0.0527333333333333
"sub_127",9,7998,0.1333
"sub_128",1,135738.699999988,2.26231166666647
"sub_128",2,70475.7999999821,1.17459666666637
"sub_128",3,51335.8999999762,0.855598333332936
"sub_128",4,94854.5,1.58090833333333
"sub_128",5,42043.3000000119,0.700721666666865
"sub_128",6,5169.80000004172,0.0861633333340287
"sub_128",7,66764.5,1.11274166666667
"sub_128",8,8073.59999999404,0.134559999999901
"sub_128",9,3155.9999999702,0.0525999999995033
"sub_129",1,80329.7999999821,1.3388299999997
"sub_129",2,20399,0.339983333333333
"sub_129",3,42804.2000000179,0.713403333333631
"sub_129",4,4117.90000000596,0.068631666666766
"sub_129",5,39007.6999999583,0.650128333332638
"sub_129",6,6849.09999996424,0.114151666666071
"sub_129",7,35696.7000000179,0.594945000000298
"sub_129",8,98698.7000000179,1.64497833333363
"sub_129",9,3713.80000001192,0.0618966666668654
"sub_130",1,125079.100000009,2.08465166666682
"sub_130",2,7339.5,0.122325
"sub_130",3,53550.099999994,0.892501666666567
"sub_130",4,2962.09999999404,0.049368333333234
"sub_130",5,60517.200000003,1.00862000000005
"sub_130",6,5723.70000000298,0.0953950000000497
"sub_130",7,89982.299999997,1.49970499999995
"sub_130",8,3553.79999998212,0.059229999999702
"sub_130",9,3734.60000000894,0.0622433333334823
"sub_131",1,102433.800000191,1.70723000000318
"sub_131",2,7449.89999961853,0.124164999993642
"sub_131",3,50014.7999997139,0.833579999995232
"sub_131",4,6208.7999997139,0.103479999995232
"sub_131",5,71158.3000001907,1.18597166666985
"sub_131",6,7935.7000002861,0.132261666671435
"sub_131",7,51671.5,0.861191666666667
"sub_131",8,3111.59999990463,0.0518599999984105
"sub_131",9,3229.50000047684,0.0538250000079473
"sub_132",1,163318.699999809,2.72197833333015
"sub_132",2,19328.9000000954,0.322148333334923
"sub_132",3,102371,1.70618333333333
"sub_132",4,25412.2999999523,0.423538333332539
"sub_132",5,94192.5999999046,1.56987666666508
"sub_132",6,73740.1000001431,1.22900166666905
"sub_132",7,77964.7000000477,1.29941166666746
"sub_132",8,59627.7999999523,0.993796666665872
"sub_132",9,5324.09999966621,0.0887349999944369
"sub_133",1,62547.6999999993,1.04246166666665
"sub_133",2,5058.59999999776,0.0843099999999627
"sub_133",3,138485.799999997,2.30809666666662
"sub_133",4,77374,1.28956666666667
"sub_133",5,65417.9000000022,1.09029833333337
"sub_133",6,31320.0999999978,0.522001666666629
"sub_133",7,205030.900000002,3.4171816666667
"sub_133",8,16213.5,0.270225
"sub_133",9,23715.700000003,0.395261666666716
"sub_134",1,89224.4000000358,1.48707333333393
"sub_134",2,6141.20000004768,0.102353333334128
"sub_134",3,97095,1.61825
"sub_134",4,2036.39999997616,0.0339399999996026
"sub_134",5,87722.0999999642,1.4620349999994
"sub_134",6,1878.39999997616,0.0313066666662693
"sub_134",7,55291,0.921516666666667
"sub_134",8,2158.20000004768,0.0359700000007947
"sub_134",9,3361.5,0.056025
"sub_135",1,63731.5,1.06219166666667
"sub_135",2,6815.69999998808,0.113594999999801
"sub_135",3,77563.400000006,1.29272333333343
"sub_135",4,36179.3999999762,0.602989999999603
"sub_135",5,88580.3000000417,1.47633833333403
"sub_135",6,40922.5,0.682041666666667
"sub_135",7,42389.099999994,0.706484999999901
"sub_135",8,83143.8000000119,1.3857300000002
"sub_135",9,173498.400000006,2.8916400000001
"sub_136",1,60937.5,1.015625
"sub_136",2,24251.3000000119,0.404188333333532
"sub_136",3,49005.2000000179,0.816753333333631
"sub_136",4,10102,0.168366666666667
"sub_136",5,33193.8999999762,0.553231666666269
"sub_136",6,11088.099999994,0.184801666666567
"sub_136",7,29773,0.496216666666667
"sub_136",8,149612.300000012,2.49353833333353
"sub_136",9,3198.59999999404,0.0533099999999007
"sub_137",1,125668.900000006,2.09448166666677
"sub_137",2,7117.39999999851,0.118623333333308
"sub_137",3,50461.6000000015,0.841026666666691
"sub_137",4,2794.39999999851,0.0465733333333085
"sub_137",5,28118.700000003,0.46864500000005
"sub_137",6,2426,0.0404333333333333
"sub_137",7,97481.400000006,1.6246900000001
"sub_137",8,3830.19999999553,0.0638366666665922
"sub_137",9,4794.20000000298,0.079903333333383
"sub_138",1,155047,2.58411666666667
"sub_138",2,12806,0.213433333333333
"sub_138",3,55058,0.917633333333333
"sub_138",4,7616,0.126933333333333
"sub_138",5,57566,0.959433333333333
"sub_138",6,8089,0.134816666666667
"sub_138",7,71451,1.19085
"sub_138",8,2848,0.0474666666666667
"sub_138",9,31175,0.519583333333333
"sub_139",1,63283.6000000015,1.05472666666669
"sub_139",2,56834.6000000006,0.947243333333343
"sub_139",3,33400.9000000004,0.556681666666673
"sub_139",4,19350.6999999993,0.322511666666654
"sub_139",5,43285.9000000004,0.721431666666673
"sub_139",6,20230.5999999996,0.33717666666666
"sub_139",7,75228.4999999981,1.2538083333333
"sub_139",8,7878.19999999925,0.131303333333321
"sub_139",9,3657.10000000149,0.0609516666666915
"sub_140",1,82713.8999999762,1.3785649999996
"sub_140",2,8584,0.143066666666667
"sub_140",3,55030.7999999523,0.917179999999205
"sub_140",4,4464.89999985695,0.0744149999976158
"sub_140",5,44190.6999999285,0.736511666665475
"sub_140",6,7350.70000004768,0.122511666667461
"sub_140",7,37817.8000000715,0.630296666667859
"sub_140",8,2227.09999990463,0.0371183333317439
"sub_140",9,4394.40000009537,0.0732400000015895
